Role,Title
C-suite,Chief
C-suite,Vice President
C-suite,CXO
C-suite,Owner
C-Level Executive,Chief
C-Level Executive,Vice President
C-Level Executive,CXO
C-Level Executive,Owner
Manager,Manager
Manager,Architect
Manager,Leader
Manager,Lead
Manager,Advisor
Manager,Specialist
Director,Head
Director,Managing Director
Director,Partner
Director,Director
VP/SVP,SVP
VP/SVP,VP
VP/SVP,AVP
VP/SVP,President
Professional/Staff/Associate,Engineer
Professional/Staff/Associate,Professional
Professional/Staff/Associate,Associate
Professional/Staff/Associate,Analyst
Professional/Staff/Associate,Agent
Professional/Staff/Associate,Consultant
Professional/Staff/Associate,Team Lead
Owner/Partner,Owner
Owner/Partner,Partner
Owner/Partner,MD
Owner/Partner,Managing Director
Owner/Partner,Founder
Owner/Partner,Co-founder
Owner/Partner,Co founder
Board Level,CEO
Board Level,Company Director
Board Level,MD
Board Level,Company Vice President
Management,Manager
Influencer,Analyst
Influencer,Team Leader
Influencer,Team Lead
Influencer,Consultant
Influencer,Engineer
Influencer,Agent
Influencer,Associate
Influencer,Technician
Influencer,Developer
Influencer,Professor
Non Influencer,EA to
Non Influencer,Student
Non Influencer,Staff
Board Level,Board of Director
Board Level,Executive Director
Board Level,Non Executive Director
Board Level,Board Member
Owner/Partner,Owner
Owner/Partner,Partner
Owner/Partner,Proprietor
Owner/Partner,Founder
Owner/Partner,Co Founder
C-Level Executive,Chief
C-Level Executive,CXO
C-Level Executive,CIO
C-Level Executive,CFO
C-Level Executive,CMO
VP/SVP/Director,President
VP/SVP/Director,Vice President
VP/SVP/Director,Senior VIce President
VP/SVP/Director,Director
VP/SVP/Director,Head
Manager,Manager
Manager,Specialist
Manager,Architect
Manager,Lead
Manager,Leader
Professional/Staff/Associate,Professional
Professional/Staff/Associate,Staff
Professional/Staff/Associate,Associate
Professional/Staff/Associate,Consultant
Professional/Staff/Associate,Analyst
Professional/Staff/Associate,Team Lead
Professional/Staff/Associate,Scientist
Professional/Staff/Associate,Researcher
Professional/Staff/Associate,Coordinator
Professional/Staff/Associate,Administrator